{"heart_rate_zones": {"Z1": {"time_seconds": 9943, "percentage": 54.64988457733318}, "Z2": {"time_seconds": 16852, "percentage": 92.62394195888754}, "Z3": {"time_seconds": 16722, "percentage": 91.90942068813894}, "Z4": {"time_seconds": 15348, "percentage": 84.357480488073}, "Z5": {"time_seconds": 12875, "percentage": 70.76508739144774}}, "elevation": {"gain": 862.4000000000003, "loss": 853.6000000000003, "max": 508.2, "min": 355.6, "gradient_distribution": {"-21.0--20.0": 1, "-20.0--19.0": 2, "-19.0--18.0": 2, "-18.0--17.0": 8, "-17.0--16.0": 4, "-16.0--15.0": 4, "-15.0--14.0": 3, "-14.0--13.0": 7, "-13.0--12.0": 13, "-12.0--11.0": 6, "-11.0--10.0": 17, "-10.0--9.0": 9, "-9.0--8.0": 23, "-8.0--7.0": 52, "-7.0--6.0": 89, "-6.0--5.0": 150, "-5.0--4.0": 186, "-4.0--3.0": 354, "-3.0--2.0": 668, "-2.0--1.0": 1258, "-1.0-0.0": 1587, "0.0-1.0": 3826, "1.0-2.0": 1899, "2.0-3.0": 1027, "3.0-4.0": 732, "4.0-5.0": 517, "5.0-6.0": 373, "6.0-7.0": 175, "7.0-8.0": 73, "8.0-9.0": 28, "9.0-10.0": 27, "10.0-11.0": 20, "11.0-12.0": 25, "12.0-13.0": 24, "13.0-14.0": 23, "14.0-15.0": 11, "15.0-16.0": 7}}, "speed": {"average": 6.909829113445697, "max": 16.84, "distribution": {"0.0-1.0": 226, "1.0-2.0": 206, "2.0-3.0": 386, "3.0-4.0": 883, "4.0-5.0": 1398, "5.0-6.0": 1869, "6.0-7.0": 2259, "7.0-8.0": 1477, "8.0-9.0": 1415, "9.0-10.0": 1454, "10.0-11.0": 942, "11.0-12.0": 373, "12.0-13.0": 128, "13.0-14.0": 77, "14.0-15.0": 59, "15.0-16.0": 68}}}