{"heart_rate_zones": {"Z2": {"time_seconds": 1143, "percentage": 30.71754904595539}, "Z3": {"time_seconds": 3703, "percentage": 99.51625907014244}, "Z4": {"time_seconds": 3540, "percentage": 95.13571620532116}, "Z5": {"time_seconds": 178, "percentage": 4.7836603063692555}}, "elevation": {"gain": 222.39999999999986, "loss": 233.59999999999985, "max": 481.0, "min": 395.0, "gradient_distribution": {"-8.0--7.0": 8, "-7.0--6.0": 11, "-6.0--5.0": 35, "-5.0--4.0": 65, "-4.0--3.0": 105, "-3.0--2.0": 174, "-2.0--1.0": 383, "-1.0-0.0": 551, "0.0-1.0": 1231, "1.0-2.0": 417, "2.0-3.0": 269, "3.0-4.0": 210, "4.0-5.0": 110, "5.0-6.0": 58, "6.0-7.0": 30, "7.0-8.0": 14, "8.0-9.0": 7, "9.0-10.0": 3, "10.0-11.0": 0, "11.0-12.0": 0, "12.0-13.0": 1, "13.0-14.0": 0, "14.0-15.0": 0, "15.0-16.0": 2, "16.0-17.0": 0}}, "speed": {"average": 7.595000542446433, "max": 14.14, "distribution": {"0.0-1.0": 14, "1.0-2.0": 3, "2.0-3.0": 8, "3.0-4.0": 60, "4.0-5.0": 134, "5.0-6.0": 399, "6.0-7.0": 781, "7.0-8.0": 823, "8.0-9.0": 740, "9.0-10.0": 385, "10.0-11.0": 169, "11.0-12.0": 97, "12.0-13.0": 45, "13.0-14.0": 23}}}