{"heart_rate_zones": {"Z2": {"time_seconds": 10906, "percentage": 54.02754384226692}, "Z3": {"time_seconds": 20000, "percentage": 99.07856930545923}, "Z4": {"time_seconds": 20106, "percentage": 99.60368572277817}, "Z5": {"time_seconds": 20037, "percentage": 99.26186465867433}}, "elevation": {"gain": 1528.7999999999997, "loss": 1523.7999999999997, "max": 436.0, "min": 365.0, "gradient_distribution": {"-26.0--25.0": 1, "-25.0--24.0": 2, "-24.0--23.0": 1, "-23.0--22.0": 0, "-22.0--21.0": 6, "-21.0--20.0": 3, "-20.0--19.0": 4, "-19.0--18.0": 0, "-18.0--17.0": 3, "-17.0--16.0": 0, "-16.0--15.0": 3, "-15.0--14.0": 3, "-14.0--13.0": 2, "-13.0--12.0": 2, "-12.0--11.0": 6, "-11.0--10.0": 16, "-10.0--9.0": 19, "-9.0--8.0": 26, "-8.0--7.0": 40, "-7.0--6.0": 81, "-6.0--5.0": 134, "-5.0--4.0": 329, "-4.0--3.0": 591, "-3.0--2.0": 1160, "-2.0--1.0": 2302, "-1.0-0.0": 3071, "0.0-1.0": 4462, "1.0-2.0": 2551, "2.0-3.0": 1422, "3.0-4.0": 746, "4.0-5.0": 442, "5.0-6.0": 251, "6.0-7.0": 142, "7.0-8.0": 84, "8.0-9.0": 42, "9.0-10.0": 28, "10.0-11.0": 17, "11.0-12.0": 8, "12.0-13.0": 5, "13.0-14.0": 10, "14.0-15.0": 4, "15.0-16.0": 5, "16.0-17.0": 1, "17.0-18.0": 0, "18.0-19.0": 0, "19.0-20.0": 0, "20.0-21.0": 0, "21.0-22.0": 1, "22.0-23.0": 0, "23.0-24.0": 0, "24.0-25.0": 1, "25.0-26.0": 0, "26.0-27.0": 0, "27.0-28.0": 0, "28.0-29.0": 2, "29.0-30.0": 2, "30.0-31.0": 0, "31.0-32.0": 0, "32.0-33.0": 0, "33.0-34.0": 0, "34.0-35.0": 1, "35.0-36.0": 1, "36.0-37.0": 0, "37.0-38.0": 0}}, "speed": {"average": 9.65877457448578, "max": 16.3, "distribution": {"0.0-1.0": 64, "1.0-2.0": 15, "2.0-3.0": 35, "3.0-4.0": 29, "4.0-5.0": 145, "5.0-6.0": 334, "6.0-7.0": 826, "7.0-8.0": 1322, "8.0-9.0": 2561, "9.0-10.0": 4082, "10.0-11.0": 4862, "11.0-12.0": 2608, "12.0-13.0": 833, "13.0-14.0": 244, "14.0-15.0": 52, "15.0-16.0": 20}}}