{"heart_rate_zones": {"Z2": {"time_seconds": 5280, "percentage": 73.27227310574521}, "Z3": {"time_seconds": 6955, "percentage": 96.51679156258673}, "Z4": {"time_seconds": 7099, "percentage": 98.5151262836525}, "Z5": {"time_seconds": 6907, "percentage": 95.85067998889814}}, "elevation": {"gain": 819.200000000001, "loss": 789.0000000000009, "max": 879.8, "min": 385.8, "gradient_distribution": {"-23.0--22.0": 2, "-22.0--21.0": 2, "-21.0--20.0": 1, "-20.0--19.0": 4, "-19.0--18.0": 1, "-18.0--17.0": 2, "-17.0--16.0": 1, "-16.0--15.0": 1, "-15.0--14.0": 1, "-14.0--13.0": 5, "-13.0--12.0": 3, "-12.0--11.0": 10, "-11.0--10.0": 16, "-10.0--9.0": 14, "-9.0--8.0": 37, "-8.0--7.0": 44, "-7.0--6.0": 72, "-6.0--5.0": 184, "-5.0--4.0": 289, "-4.0--3.0": 315, "-3.0--2.0": 451, "-2.0--1.0": 583, "-1.0-0.0": 453, "0.0-1.0": 919, "1.0-2.0": 611, "2.0-3.0": 590, "3.0-4.0": 469, "4.0-5.0": 409, "5.0-6.0": 336, "6.0-7.0": 262, "7.0-8.0": 151, "8.0-9.0": 101, "9.0-10.0": 69, "10.0-11.0": 60, "11.0-12.0": 44, "12.0-13.0": 46, "13.0-14.0": 24, "14.0-15.0": 19, "15.0-16.0": 14, "16.0-17.0": 15, "17.0-18.0": 7, "18.0-19.0": 6, "19.0-20.0": 5, "20.0-21.0": 4, "21.0-22.0": 4, "22.0-23.0": 1, "23.0-24.0": 1, "24.0-25.0": 0, "25.0-26.0": 0, "26.0-27.0": 0, "27.0-28.0": 1, "28.0-29.0": 1, "29.0-30.0": 0, "30.0-31.0": 2, "31.0-32.0": 0, "32.0-33.0": 1, "33.0-34.0": 0, "34.0-35.0": 1, "35.0-36.0": 1, "36.0-37.0": 0, "37.0-38.0": 0, "38.0-39.0": 0, "39.0-40.0": 1, "40.0-41.0": 0}}, "speed": {"average": 7.490716664166792, "max": 17.88, "distribution": {"0.0-1.0": 19, "1.0-2.0": 7, "2.0-3.0": 73, "3.0-4.0": 628, "4.0-5.0": 751, "5.0-6.0": 1245, "6.0-7.0": 752, "7.0-8.0": 588, "8.0-9.0": 743, "9.0-10.0": 584, "10.0-11.0": 278, "11.0-12.0": 270, "12.0-13.0": 216, "13.0-14.0": 184, "14.0-15.0": 157, "15.0-16.0": 93, "16.0-17.0": 65}}}