{"heart_rate_zones": {"Z2": {"time_seconds": 3936, "percentage": 98.15461346633415}, "Z3": {"time_seconds": 3918, "percentage": 97.70573566084788}, "Z4": {"time_seconds": 3897, "percentage": 97.18204488778055}, "Z5": {"time_seconds": 3004, "percentage": 74.91271820448878}}, "elevation": {"gain": 463.60000000000025, "loss": 472.60000000000025, "max": 751.2, "min": 415.8, "gradient_distribution": {"-23.0--22.0": 1, "-22.0--21.0": 2, "-21.0--20.0": 0, "-20.0--19.0": 0, "-19.0--18.0": 2, "-18.0--17.0": 2, "-17.0--16.0": 4, "-16.0--15.0": 1, "-15.0--14.0": 1, "-14.0--13.0": 0, "-13.0--12.0": 3, "-12.0--11.0": 5, "-11.0--10.0": 16, "-10.0--9.0": 30, "-9.0--8.0": 37, "-8.0--7.0": 65, "-7.0--6.0": 65, "-6.0--5.0": 98, "-5.0--4.0": 110, "-4.0--3.0": 164, "-3.0--2.0": 215, "-2.0--1.0": 218, "-1.0-0.0": 165, "0.0-1.0": 396, "1.0-2.0": 325, "2.0-3.0": 304, "3.0-4.0": 258, "4.0-5.0": 216, "5.0-6.0": 192, "6.0-7.0": 170, "7.0-8.0": 142, "8.0-9.0": 99, "9.0-10.0": 78, "10.0-11.0": 50, "11.0-12.0": 40, "12.0-13.0": 27, "13.0-14.0": 39, "14.0-15.0": 22, "15.0-16.0": 9, "16.0-17.0": 6, "17.0-18.0": 3, "18.0-19.0": 3, "19.0-20.0": 4, "20.0-21.0": 4, "21.0-22.0": 1, "22.0-23.0": 1, "23.0-24.0": 1, "24.0-25.0": 0, "25.0-26.0": 3, "26.0-27.0": 0, "27.0-28.0": 0, "28.0-29.0": 0, "29.0-30.0": 1, "30.0-31.0": 1, "31.0-32.0": 0, "32.0-33.0": 1, "33.0-34.0": 2}}, "speed": {"average": 6.576074104912572, "max": 17.7, "distribution": {"0.0-1.0": 27, "1.0-2.0": 24, "2.0-3.0": 357, "3.0-4.0": 423, "4.0-5.0": 483, "5.0-6.0": 505, "6.0-7.0": 522, "7.0-8.0": 301, "8.0-9.0": 262, "9.0-10.0": 131, "10.0-11.0": 128, "11.0-12.0": 114, "12.0-13.0": 113, "13.0-14.0": 96, "14.0-15.0": 51, "15.0-16.0": 14, "16.0-17.0": 28}}}