{"heart_rate_zones": {"Z2": {"time_seconds": 8995, "percentage": 92.52211479119524}, "Z3": {"time_seconds": 9688, "percentage": 99.65027772063362}, "Z4": {"time_seconds": 9552, "percentage": 98.25138860316808}, "Z5": {"time_seconds": 5638, "percentage": 57.992182678461226}}, "elevation": {"gain": 1144.0000000000005, "loss": 1142.2000000000005, "max": 945.6, "min": 388.2, "gradient_distribution": {"-32.0--31.0": 1, "-31.0--30.0": 1, "-30.0--29.0": 1, "-29.0--28.0": 2, "-28.0--27.0": 1, "-27.0--26.0": 0, "-26.0--25.0": 2, "-25.0--24.0": 4, "-24.0--23.0": 0, "-23.0--22.0": 1, "-22.0--21.0": 3, "-21.0--20.0": 3, "-20.0--19.0": 9, "-19.0--18.0": 8, "-18.0--17.0": 4, "-17.0--16.0": 7, "-16.0--15.0": 10, "-15.0--14.0": 15, "-14.0--13.0": 19, "-13.0--12.0": 21, "-12.0--11.0": 30, "-11.0--10.0": 44, "-10.0--9.0": 43, "-9.0--8.0": 79, "-8.0--7.0": 93, "-7.0--6.0": 125, "-6.0--5.0": 201, "-5.0--4.0": 297, "-4.0--3.0": 441, "-3.0--2.0": 586, "-2.0--1.0": 801, "-1.0-0.0": 686, "0.0-1.0": 1365, "1.0-2.0": 809, "2.0-3.0": 676, "3.0-4.0": 570, "4.0-5.0": 479, "5.0-6.0": 460, "6.0-7.0": 270, "7.0-8.0": 177, "8.0-9.0": 117, "9.0-10.0": 79, "10.0-11.0": 60, "11.0-12.0": 49, "12.0-13.0": 46, "13.0-14.0": 31, "14.0-15.0": 26, "15.0-16.0": 31, "16.0-17.0": 16, "17.0-18.0": 15, "18.0-19.0": 17, "19.0-20.0": 8, "20.0-21.0": 18, "21.0-22.0": 14, "22.0-23.0": 12, "23.0-24.0": 14, "24.0-25.0": 6, "25.0-26.0": 6, "26.0-27.0": 6, "27.0-28.0": 1, "28.0-29.0": 4, "29.0-30.0": 3, "30.0-31.0": 0, "31.0-32.0": 2, "32.0-33.0": 1, "33.0-34.0": 0, "34.0-35.0": 0}}, "speed": {"average": 7.366049725613171, "max": 19.16, "distribution": {"0.0-1.0": 57, "1.0-2.0": 7, "2.0-3.0": 29, "3.0-4.0": 678, "4.0-5.0": 1394, "5.0-6.0": 911, "6.0-7.0": 998, "7.0-8.0": 1542, "8.0-9.0": 1289, "9.0-10.0": 774, "10.0-11.0": 341, "11.0-12.0": 321, "12.0-13.0": 133, "13.0-14.0": 143, "14.0-15.0": 140, "15.0-16.0": 100, "16.0-17.0": 29, "17.0-18.0": 29, "18.0-19.0": 13}}}