{"heart_rate_zones": {"Z2": {"time_seconds": 1668, "percentage": 51.785159888233466}, "Z3": {"time_seconds": 3208, "percentage": 99.59639863396461}, "Z4": {"time_seconds": 3084, "percentage": 95.74666252716547}, "Z5": {"time_seconds": 2316, "percentage": 71.9031356721515}}, "elevation": {"gain": 444.5999999999996, "loss": 434.7999999999996, "max": 673.4, "min": 364.0, "gradient_distribution": {"-48.0--47.0": 0, "-47.0--46.0": 0, "-46.0--45.0": 0, "-45.0--44.0": 0, "-44.0--43.0": 0, "-43.0--42.0": 0, "-42.0--41.0": 0, "-41.0--40.0": 0, "-40.0--39.0": 0, "-39.0--38.0": 1, "-38.0--37.0": 0, "-37.0--36.0": 0, "-36.0--35.0": 4, "-35.0--34.0": 0, "-34.0--33.0": 1, "-33.0--32.0": 0, "-32.0--31.0": 16, "-31.0--30.0": 0, "-30.0--29.0": 0, "-29.0--28.0": 1, "-28.0--27.0": 0, "-27.0--26.0": 0, "-26.0--25.0": 1, "-25.0--24.0": 1, "-24.0--23.0": 0, "-23.0--22.0": 0, "-22.0--21.0": 2, "-21.0--20.0": 1, "-20.0--19.0": 1, "-19.0--18.0": 2, "-18.0--17.0": 1, "-17.0--16.0": 2, "-16.0--15.0": 2, "-15.0--14.0": 3, "-14.0--13.0": 6, "-13.0--12.0": 3, "-12.0--11.0": 6, "-11.0--10.0": 12, "-10.0--9.0": 22, "-9.0--8.0": 25, "-8.0--7.0": 58, "-7.0--6.0": 78, "-6.0--5.0": 102, "-5.0--4.0": 131, "-4.0--3.0": 150, "-3.0--2.0": 128, "-2.0--1.0": 128, "-1.0-0.0": 94, "0.0-1.0": 227, "1.0-2.0": 192, "2.0-3.0": 191, "3.0-4.0": 214, "4.0-5.0": 163, "5.0-6.0": 253, "6.0-7.0": 179, "7.0-8.0": 151, "8.0-9.0": 100, "9.0-10.0": 64, "10.0-11.0": 70, "11.0-12.0": 45, "12.0-13.0": 23, "13.0-14.0": 19, "14.0-15.0": 12, "15.0-16.0": 13, "16.0-17.0": 10, "17.0-18.0": 6, "18.0-19.0": 5, "19.0-20.0": 7, "20.0-21.0": 3, "21.0-22.0": 1, "22.0-23.0": 4, "23.0-24.0": 1, "24.0-25.0": 0, "25.0-26.0": 0, "26.0-27.0": 1}}, "speed": {"average": 6.311502722940776, "max": 18.46, "distribution": {"0.0-1.0": 34, "1.0-2.0": 15, "2.0-3.0": 312, "3.0-4.0": 609, "4.0-5.0": 399, "5.0-6.0": 282, "6.0-7.0": 403, "7.0-8.0": 142, "8.0-9.0": 148, "9.0-10.0": 122, "10.0-11.0": 101, "11.0-12.0": 61, "12.0-13.0": 73, "13.0-14.0": 117, "14.0-15.0": 42, "15.0-16.0": 19, "16.0-17.0": 34, "17.0-18.0": 24}}}