{"heart_rate_zones": {"Z2": {"time_seconds": 3023, "percentage": 91.74506828528072}, "Z3": {"time_seconds": 3280, "percentage": 99.54476479514416}, "Z4": {"time_seconds": 2979, "percentage": 90.40971168437025}, "Z5": {"time_seconds": 2224, "percentage": 67.49620637329286}}, "elevation": {"gain": 273.3999999999999, "loss": 269.19999999999993, "max": 475.4, "min": 383.2, "gradient_distribution": {"-23.0--22.0": 1, "-22.0--21.0": 0, "-21.0--20.0": 0, "-20.0--19.0": 1, "-19.0--18.0": 0, "-18.0--17.0": 2, "-17.0--16.0": 2, "-16.0--15.0": 2, "-15.0--14.0": 2, "-14.0--13.0": 4, "-13.0--12.0": 1, "-12.0--11.0": 2, "-11.0--10.0": 0, "-10.0--9.0": 7, "-9.0--8.0": 9, "-8.0--7.0": 31, "-7.0--6.0": 21, "-6.0--5.0": 39, "-5.0--4.0": 46, "-4.0--3.0": 107, "-3.0--2.0": 250, "-2.0--1.0": 409, "-1.0-0.0": 409, "0.0-1.0": 732, "1.0-2.0": 397, "2.0-3.0": 217, "3.0-4.0": 187, "4.0-5.0": 109, "5.0-6.0": 61, "6.0-7.0": 33, "7.0-8.0": 19, "8.0-9.0": 7, "9.0-10.0": 6, "10.0-11.0": 7, "11.0-12.0": 6, "12.0-13.0": 6, "13.0-14.0": 5, "14.0-15.0": 4, "15.0-16.0": 5, "16.0-17.0": 6, "17.0-18.0": 2, "18.0-19.0": 2, "19.0-20.0": 1, "20.0-21.0": 3, "21.0-22.0": 2, "22.0-23.0": 1, "23.0-24.0": 2, "24.0-25.0": 4, "25.0-26.0": 0, "26.0-27.0": 1, "27.0-28.0": 1, "28.0-29.0": 1, "29.0-30.0": 1, "30.0-31.0": 0, "31.0-32.0": 1, "32.0-33.0": 0, "33.0-34.0": 0, "34.0-35.0": 0, "35.0-36.0": 0, "36.0-37.0": 1, "37.0-38.0": 0, "38.0-39.0": 1}}, "speed": {"average": 7.8414638137193196, "max": 15.98, "distribution": {"0.0-1.0": 49, "1.0-2.0": 17, "2.0-3.0": 34, "3.0-4.0": 130, "4.0-5.0": 134, "5.0-6.0": 193, "6.0-7.0": 416, "7.0-8.0": 696, "8.0-9.0": 551, "9.0-10.0": 442, "10.0-11.0": 251, "11.0-12.0": 158, "12.0-13.0": 56, "13.0-14.0": 24, "14.0-15.0": 15}}}