{"heart_rate_zones": {"Z2": {"time_seconds": 3002, "percentage": 100.0}, "Z3": {"time_seconds": 2876, "percentage": 95.80279813457695}, "Z4": {"time_seconds": 2037, "percentage": 67.854763491006}, "Z5": {"time_seconds": 1306, "percentage": 43.50433044636909}}, "elevation": {"gain": 423.2000000000006, "loss": 410.6000000000006, "max": 667.2, "min": 381.8, "gradient_distribution": {"-34.0--33.0": 1, "-33.0--32.0": 0, "-32.0--31.0": 2, "-31.0--30.0": 0, "-30.0--29.0": 0, "-29.0--28.0": 1, "-28.0--27.0": 0, "-27.0--26.0": 1, "-26.0--25.0": 1, "-25.0--24.0": 3, "-24.0--23.0": 3, "-23.0--22.0": 1, "-22.0--21.0": 3, "-21.0--20.0": 5, "-20.0--19.0": 2, "-19.0--18.0": 5, "-18.0--17.0": 6, "-17.0--16.0": 13, "-16.0--15.0": 10, "-15.0--14.0": 10, "-14.0--13.0": 13, "-13.0--12.0": 22, "-12.0--11.0": 22, "-11.0--10.0": 25, "-10.0--9.0": 32, "-9.0--8.0": 31, "-8.0--7.0": 50, "-7.0--6.0": 52, "-6.0--5.0": 90, "-5.0--4.0": 116, "-4.0--3.0": 152, "-3.0--2.0": 102, "-2.0--1.0": 141, "-1.0-0.0": 88, "0.0-1.0": 249, "1.0-2.0": 170, "2.0-3.0": 141, "3.0-4.0": 173, "4.0-5.0": 114, "5.0-6.0": 146, "6.0-7.0": 89, "7.0-8.0": 140, "8.0-9.0": 109, "9.0-10.0": 92, "10.0-11.0": 72, "11.0-12.0": 74, "12.0-13.0": 53, "13.0-14.0": 35, "14.0-15.0": 23, "15.0-16.0": 22, "16.0-17.0": 15, "17.0-18.0": 8, "18.0-19.0": 8, "19.0-20.0": 8, "20.0-21.0": 3, "21.0-22.0": 8, "22.0-23.0": 6, "23.0-24.0": 3, "24.0-25.0": 0, "25.0-26.0": 4, "26.0-27.0": 3, "27.0-28.0": 4, "28.0-29.0": 3, "29.0-30.0": 2, "30.0-31.0": 1, "31.0-32.0": 0, "32.0-33.0": 0, "33.0-34.0": 0, "34.0-35.0": 0, "35.0-36.0": 0, "36.0-37.0": 0, "37.0-38.0": 0, "38.0-39.0": 0, "39.0-40.0": 0, "40.0-41.0": 0, "41.0-42.0": 0, "42.0-43.0": 0, "43.0-44.0": 0, "44.0-45.0": 0, "45.0-46.0": 0}}, "speed": {"average": 5.687542774982027, "max": 15.9, "distribution": {"0.0-1.0": 29, "1.0-2.0": 254, "2.0-3.0": 275, "3.0-4.0": 413, "4.0-5.0": 477, "5.0-6.0": 294, "6.0-7.0": 253, "7.0-8.0": 222, "8.0-9.0": 102, "9.0-10.0": 79, "10.0-11.0": 85, "11.0-12.0": 113, "12.0-13.0": 106, "13.0-14.0": 66, "14.0-15.0": 9}}}