{"heart_rate_zones": {"Z1": {"time_seconds": 7937, "percentage": 77.82135503480734}, "Z2": {"time_seconds": 8523, "percentage": 83.56701637415432}, "Z3": {"time_seconds": 10199, "percentage": 100.0}, "Z4": {"time_seconds": 9905, "percentage": 97.11736444749485}, "Z5": {"time_seconds": 8892, "percentage": 87.18501813903325}}, "elevation": {"gain": 1277.9999999999993, "loss": 1284.1999999999994, "max": 1344.6, "min": 412.4, "gradient_distribution": {"-33.0--32.0": 1, "-32.0--31.0": 3, "-31.0--30.0": 1, "-30.0--29.0": 6, "-29.0--28.0": 3, "-28.0--27.0": 3, "-27.0--26.0": 7, "-26.0--25.0": 2, "-25.0--24.0": 6, "-24.0--23.0": 6, "-23.0--22.0": 6, "-22.0--21.0": 17, "-21.0--20.0": 12, "-20.0--19.0": 16, "-19.0--18.0": 13, "-18.0--17.0": 23, "-17.0--16.0": 25, "-16.0--15.0": 34, "-15.0--14.0": 29, "-14.0--13.0": 28, "-13.0--12.0": 41, "-12.0--11.0": 53, "-11.0--10.0": 53, "-10.0--9.0": 78, "-9.0--8.0": 77, "-8.0--7.0": 120, "-7.0--6.0": 173, "-6.0--5.0": 274, "-5.0--4.0": 319, "-4.0--3.0": 391, "-3.0--2.0": 363, "-2.0--1.0": 438, "-1.0-0.0": 249, "0.0-1.0": 471, "1.0-2.0": 460, "2.0-3.0": 343, "3.0-4.0": 423, "4.0-5.0": 329, "5.0-6.0": 366, "6.0-7.0": 186, "7.0-8.0": 238, "8.0-9.0": 182, "9.0-10.0": 185, "10.0-11.0": 169, "11.0-12.0": 156, "12.0-13.0": 99, "13.0-14.0": 120, "14.0-15.0": 77, "15.0-16.0": 80, "16.0-17.0": 68, "17.0-18.0": 47, "18.0-19.0": 45, "19.0-20.0": 45, "20.0-21.0": 34, "21.0-22.0": 32, "22.0-23.0": 40, "23.0-24.0": 39, "24.0-25.0": 29, "25.0-26.0": 38, "26.0-27.0": 31, "27.0-28.0": 24, "28.0-29.0": 17, "29.0-30.0": 24, "30.0-31.0": 24, "31.0-32.0": 21, "32.0-33.0": 12, "33.0-34.0": 17, "34.0-35.0": 11, "35.0-36.0": 7, "36.0-37.0": 12, "37.0-38.0": 5, "38.0-39.0": 17, "39.0-40.0": 9, "40.0-41.0": 7, "41.0-42.0": 8, "42.0-43.0": 23, "43.0-44.0": 23, "44.0-45.0": 21, "45.0-46.0": 19, "46.0-47.0": 8, "47.0-48.0": 3, "48.0-49.0": 19}}, "speed": {"average": 6.093609087296331, "max": 19.88, "distribution": {"0.0-1.0": 90, "1.0-2.0": 696, "2.0-3.0": 1913, "3.0-4.0": 893, "4.0-5.0": 584, "5.0-6.0": 411, "6.0-7.0": 300, "7.0-8.0": 401, "8.0-9.0": 393, "9.0-10.0": 310, "10.0-11.0": 219, "11.0-12.0": 270, "12.0-13.0": 216, "13.0-14.0": 217, "14.0-15.0": 220, "15.0-16.0": 184, "16.0-17.0": 109, "17.0-18.0": 74, "18.0-19.0": 38}}}